{
  "train_loss_epoch": [
    0.1075934429177158,
    0.0523058253848641,
    0.03838186773340302,
    0.030663017046933593,
    0.02577477839163527,
    0.022123703600267212,
    0.019369477140262496,
    0.017272579086217564,
    0.015551176176669167,
    0.014171587191367312,
    0.01289343231349764,
    0.011873745157247421,
    0.010990471940647032,
    0.010253671843903536,
    0.009569900081571856,
    0.008951417557692893,
    0.008556740127750435,
    0.007973026409683844,
    0.0076023880327457894,
    0.00724703216917199,
    0.0068476620866285655,
    0.006545775562971672,
    0.006231354358945457,
    0.0059867247598412,
    0.005736132731317671,
    0.005581517867606535,
    0.005334416410090908,
    0.0051844503082952,
    0.004981748267912463,
    0.004823587514848781,
    0.004594567963604592,
    0.004483196039595198,
    0.00437430272326108,
    0.00427731616850355,
    0.004144711292589483,
    0.0040419271186168376,
    0.003951121872826618,
    0.0038232319084542075,
    0.0037727469902373452,
    0.003635042105532417,
    0.0036301229079201748,
    0.0036112770028402705,
    0.0034589241427668235,
    0.0033734932313112535,
    0.003309558874600214,
    0.003242151236265487,
    0.0032188563881603433,
    0.0031628916805824803,
    0.0031418939163860965,
    0.0030488373672107965
  ],
  "train_eval_loss": [
    0.05189080653839888,
    0.03276147285972756,
    0.025455791909260072,
    0.018998859469199884,
    0.01568980081785664,
    0.015427106969127951,
    0.011342958567060591,
    0.009391321926723931,
    0.008403680286969573,
    0.008030922428347504,
    0.007871321738603148,
    0.005656511683188035,
    0.005677341902407499,
    0.004688656203104976,
    0.004787696046630927,
    0.004370666656004625,
    0.0044858953098319545,
    0.0035262586640065706,
    0.002875102956642409,
    0.002896134316207253,
    0.00270649334200804,
    0.002617505143002422,
    0.0022850461056718174,
    0.0020462275914274915,
    0.002709341309748716,
    0.0018373768820794726,
    0.001938949102039682,
    0.00153777613404844,
    0.0013653983684297226,
    0.0015411563730094453,
    0.0013437578537127336,
    0.0012418016026335295,
    0.0013666972286278225,
    0.0010826815850374873,
    0.0011191406141488824,
    0.000899094969004415,
    0.0010827811345829148,
    0.0011307005561911503,
    0.0010742537463053663,
    0.0011290453646748185,
    0.000775286071297904,
    0.000809146708615609,
    0.0010928024690631598,
    0.0007347092776299657,
    0.0009307979118496799,
    0.001046283022152948,
    0.0008606792051466883,
    0.0007088011470623993,
    0.0007487343834539636,
    0.0008443003840336572
  ],
  "train_token_acc": [
    0.9835985986331525,
    0.9895885106764446,
    0.9918268883904175,
    0.9940283225690271,
    0.9950863516930758,
    0.9951008972219779,
    0.9963588219660464,
    0.9970337661278164,
    0.9973584581697202,
    0.9974512122670667,
    0.997683677223541,
    0.9982241279441587,
    0.9982685023475483,
    0.9985177789841666,
    0.9984562766934829,
    0.9985938268037523,
    0.9985421796359117,
    0.9989604689942289,
    0.9991048175582241,
    0.9990798898945623,
    0.9991691657132582,
    0.9991810234813848,
    0.9992790476978987,
    0.9993624736843187,
    0.999120364409768,
    0.9994223949392521,
    0.9993872432444055,
    0.9995033966708552,
    0.9995857686334417,
    0.9995100897221978,
    0.9995740689688901,
    0.9996069545124947,
    0.9995523560779204,
    0.9996653474328696,
    0.9996554396088349,
    0.999734333292771,
    0.9996514870194594,
    0.9996366252834072,
    0.999681632101097,
    0.9996415791954246,
    0.9997684309637841,
    0.9997498801443149,
    0.9996457952907586,
    0.9997700119995343,
    0.9997012369443997,
    0.9996614475446858,
    0.9997268497235533,
    0.999784452126053,
    0.9997622649243583,
    0.9997305915081621
  ],
  "train_entity_precision": [
    0.7176720143634889,
    0.8143627628716461,
    0.852716946534824,
    0.892042859317905,
    0.9143974677167578,
    0.9047756153970135,
    0.9299700256441921,
    0.9431845544471253,
    0.9481708993630739,
    0.9473881108450443,
    0.9527034490824973,
    0.9635546118167407,
    0.963031089893063,
    0.9670527205318458,
    0.9671086885779369,
    0.9688363894182923,
    0.9675629881132455,
    0.9769851477443086,
    0.9793961022667076,
    0.9785982254900517,
    0.9804872293602637,
    0.9812957445483479,
    0.9824866871278298,
    0.9848949406357843,
    0.9792071172308381,
    0.9857723977945574,
    0.9846818339148593,
    0.9879724463869617,
    0.9895579986685913,
    0.9876314375434427,
    0.9891603244492891,
    0.9895052251736377,
    0.9887439735105874,
    0.9910566920642981,
    0.9909006465893483,
    0.993094104989406,
    0.9909241304763349,
    0.9904909732555537,
    0.991701682229444,
    0.9905937132374113,
    0.9938706903807466,
    0.9935290622833944,
    0.9908488923555916,
    0.9937479792281146,
    0.991754435388876,
    0.9912952313865417,
    0.9928596970850492,
    0.9944226566574894,
    0.9937784624621256,
    0.9930704213282708
  ],
  "train_entity_recall": [
    0.8203839304039247,
    0.8922012274650265,
    0.9174936938487716,
    0.9309567474162986,
    0.9433638103056745,
    0.9570205173361228,
    0.9597713896042849,
    0.9660096793628304,
    0.97031474480777,
    0.9724350019530862,
    0.9706987414180068,
    0.9778953675443417,
    0.9809425130591951,
    0.9830445634686811,
    0.9838009705845355,
    0.9861165363505756,
    0.9867421860000133,
    0.9869672874611866,
    0.9884205160119965,
    0.9899995365558152,
    0.9903785676926438,
    0.9910571823917692,
    0.9918599339261005,
    0.9910406308137418,
    0.99249882483796,
    0.9931211641717922,
    0.9935332984646756,
    0.9937219864541885,
    0.9939868117026277,
    0.994802804499381,
    0.9942913607383328,
    0.995334110154062,
    0.9949120449143621,
    0.994854114391266,
    0.9958438987573075,
    0.9961054136901413,
    0.9953721787835252,
    0.9959928629595546,
    0.9965258237720385,
    0.9965175479830247,
    0.9967807180736612,
    0.9964364452506902,
    0.9966118919777812,
    0.9970902325827744,
    0.9963851353588051,
    0.9969164410134862,
    0.9972391967850215,
    0.9971746456307145,
    0.9972474725740352,
    0.9974212641433234
  ],
  "train_entity_f1": [
    0.7655984034747901,
    0.8515068415249444,
    0.8839201428753668,
    0.9110844739612861,
    0.928654816400716,
    0.9301650296686618,
    0.9446357227509866,
    0.9544606754894868,
    0.9591150260050686,
    0.9597481697958944,
    0.9616169135466437,
    0.9706720248148416,
    0.9719042851602312,
    0.9749830711585894,
    0.9753834187198261,
    0.9774000918695454,
    0.9770584764651895,
    0.9819508495970003,
    0.9838876161431933,
    0.9842658651634917,
    0.9854080773097701,
    0.9861523081407892,
    0.9871510606964126,
    0.9879582283514587,
    0.9858081698580817,
    0.9894331358917193,
    0.9890877633828346,
    0.9908388757777301,
    0.9917674609098895,
    0.9912041499722527,
    0.991719205796556,
    0.9924111088098635,
    0.9918184195697927,
    0.9929517725470178,
    0.993366122979334,
    0.9945974800359617,
    0.9931431742215058,
    0.9932342989188744,
    0.9941079004658696,
    0.9935468007528321,
    0.995323577219648,
    0.9949806298921091,
    0.9937220367402781,
    0.9954163003893006,
    0.9940643925476711,
    0.994097889863588,
    0.9950446280746056,
    0.9957967497950441,
    0.9955099454501743,
    0.9952410876711718
  ],