{
  "train_loss_epoch": [
    0.09989453191130665,
    0.04638310772873226,
    0.03459687143389205,
    0.027751256527401437,
    0.023389274775290115,
    0.02015236527493177,
    0.017734678790520212,
    0.015803807063004507,
    0.014329554204609971,
    0.013063181424505363,
    0.011989947158158551,
    0.011168590496994214,
    0.010392983379663729,
    0.009699886607933176,
    0.009227834521413058,
    0.008695633201450437,
    0.008269928978810528,
    0.007794792548101888,
    0.0075261833110430824,
    0.00722147963080589,
    0.00688786660313122,
    0.006582144293939127,
    0.006421940601877897,
    0.006189044070135531,
    0.005998627007246284,
    0.005816603453226489,
    0.005633985131356424,
    0.00548942602192434,
    0.005331589273309093,
    0.005201413808418229,
    0.005073564375964511,
    0.00505520410762785,
    0.004808881430260353,
    0.004811419357774079,
    0.004631823051801983,
    0.004633728049527245,
    0.00449162298623042,
    0.00432847531374263,
    0.004335698652406106,
    0.004378576241070299,
    0.0042242897872450825,
    0.004196020968814086,
    0.004082507957743461,
    0.003987553522040405,
    0.003943897442224233,
    0.003923081138218547,
    0.003895448889415309,
    0.003828253477894376,
    0.0037314500981679754,
    0.003703512118809239
  ],
  "train_eval_loss": [
    0.04901606002352258,
    0.029181970686187077,
    0.02472969186695655,
    0.017929535664505697,
    0.015056070669993083,
    0.012459589103258494,
    0.010192513147435486,
    0.008190258485499558,
    0.00792345110902556,
    0.008338291737737633,
    0.007309076302376324,
    0.006122694733019349,
    0.007099877968826613,
    0.004562876715346211,
    0.004966180062548273,
    0.004270689732541729,
    0.004409983806105868,
    0.0036400909879195425,
    0.003564651287946099,
    0.0036687863035045534,
    0.003231929030457205,
    0.0026373367342348215,
    0.002465591068818636,
    0.002157470936881078,
    0.0029487089468041077,
    0.002002149570406357,
    0.002685930099833281,
    0.001966938538455664,
    0.0020043648336595973,
    0.0026206282466703233,
    0.0020090030671268398,
    0.00222441277067062,
    0.001931602099745327,
    0.001635031352469064,
    0.0016308583587691407,
    0.0015435991395936894,
    0.001243622513032591,
    0.0017339345996690468,
    0.0018818965388399198,
    0.0020898268955179536,
    0.001187282395776329,
    0.0017307207496836698,
    0.0012522235032301897,
    0.0013011676177882086,
    0.0013871605426321945,
    0.0011242651563441264,
    0.0012612415647753137,
    0.0011417756465993006,
    0.0014188828940542909,
    0.0016395244508616493
  ],
  "train_token_acc": [
    0.9844722262875336,
    0.9907857763488962,
    0.9920868633689458,
    0.9943065321598745,
    0.9952025051195255,
    0.9961166599903041,
    0.9967915514508823,
    0.9974708698115611,
    0.9975291573295526,
    0.99740409740171,
    0.997700488903685,
    0.9980891074910897,
    0.9977199356434128,
    0.9985734841437661,
    0.9984511646778906,
    0.998641415979834,
    0.9985989915205363,
    0.9988743025458418,
    0.9988606002360064,
    0.9988309821662856,
    0.9989682687705966,
    0.9991606808213986,
    0.9992294031753417,
    0.9993110373212448,
    0.9990642376406351,
    0.9993700626559198,
    0.9991450812686632,
    0.9993838703681384,
    0.9993651614450941,
    0.9992017350497128,
    0.9993492983864002,
    0.9992962282863844,
    0.9993717490940534,
    0.9994827905049106,
    0.9994750434297345,
    0.999492276719412,
    0.9996009465766439,
    0.9994505373756061,
    0.9994058467650665,
    0.9993285341168806,
    0.9996233445831054,
    0.9994516968018229,
    0.9996071653172615,
    0.9995887726013671,
    0.9995576788982795,
    0.9996385225263075,
    0.999599312839702,
    0.9996475871312754,
    0.9995419739431606,
    0.9994931726396704
  ],
  "train_entity_precision": [
    0.7295217553703875,
    0.8361888395218773,
    0.85599084886033,
    0.8933181068073865,
    0.9102686751862165,
    0.9250763650248186,
    0.9372120565449839,
    0.9511101260706882,
    0.949111565216129,
    0.9462020087620655,
    0.9521458767480728,
    0.9600088779156987,
    0.9514107187626559,
    0.9694511059342855,
    0.967405588263995,
    0.9710616854172472,
    0.9695948583175041,
    0.9755659607652962,
    0.9749704867602709,
    0.9743737201114979,
    0.9770748917429991,
    0.9821349837785192,
    0.9815766923736076,
    0.9841732317107239,
    0.9789327564979816,
    0.9853232406968788,
    0.9797130384205677,
    0.9856181341715631,
    0.9853007091057453,
    0.9820934044967926,
    0.9849032879777435,
    0.9841336171649288,
    0.9853752813707926,
    0.9873647130476292,
    0.9875473572048725,
    0.9880525018673108,
    0.990493412043438,
    0.9873835754700543,
    0.9864084106061327,
    0.984424227812684,
    0.9907037593588527,
    0.9866398675809884,
    0.9902427850825516,
    0.9899834182182241,
    0.9897543478618557,
    0.9917888505049972,
    0.9908321997780098,
    0.9914180912173853,
    0.9891061052846244,
    0.987344662466838
  ],
  "train_entity_recall": [
    0.859897512628854,
    0.9052322848460372,
    0.922740544083473,
    0.9425726448759625,
    0.9496567202717107,
    0.962417986930874,
    0.9653343749793105,
    0.9659898174691975,
    0.9740123673391021,
    0.9762666922664407,
    0.9778291612322318,
    0.9808084452771727,
    0.9798567295405944,
    0.9829088405288561,
    0.9845193090709268,
    0.9861843978204882,
    0.9868050819965175,
    0.9855868858536972,
    0.98830796528141,
    0.9899382957171137,
    0.9878180385717974,
    0.9880911396092503,
    0.9897032633091238,
    0.9912657322749151,
    0.9909893209218567,
    0.9915140059453268,
    0.9925170315737902,
    0.9922968955860252,
    0.9932999212144886,
    0.9925633759922671,
    0.9879256238289759,
    0.9939868117026277,
    0.9940910866442006,
    0.9928116496626789,
    0.9940397767523156,
    0.9940281906476963,
    0.9936640559310924,
    0.9941854306389571,
    0.9949782512264719,
    0.993478678257185,
    0.9951967320564342,
    0.9944850142012539,
    0.9946041855630516,
    0.9950974225882696,
    0.9956485901365836,
    0.9959978284329628,
    0.995853829704124,
    0.9958256920214773,
    0.9954499712002542,
    0.9948342524976331
  ],
  "train_entity_f1": [
    0.7893624488915292,
    0.8693418532382792,
    0.8881132527836477,
    0.9172846585527715,
    0.9295456331253387,
    0.9433777982562309,
    0.9510653720057433,
    0.9584922269411298,
    0.9614007572323037,
    0.9609992660122961,
    0.964816627893399,
    0.9702972080358006,
    0.9654242307617041,
    0.9761335907443798,
    0.9758874254326383,
    0.9785646186049224,
    0.9781242719848278,
    0.9805508212918365,
    0.9815939221228842,
    0.9820943435728389,
    0.9824170958207782,
    0.9851040587190844,
    0.9856232270102675,
    0.9877067497431348,
    0.9849241436602688,
    0.9884089296615902,
    0.9860734723409853,
    0.9889462389004633,
    0.9892841452991101,
    0.9873006334454246,
    0.9864121408232372,
    0.989035674612749,
    0.9897139956891723,
    0.990080689820802,
    0.9907829311829589,
    0.9910313383355419,
    0.9920762006745557,
    0.9907728291653815,
    0.9906747978935277,
    0.9889307282883859,
    0.9929451631761298,
    0.9905469077144752,
    0.9924186935644362,
    0.9925338330038425,
    0.9926927196185956,
    0.9938888833833784,
    0.9933366683011311,
    0.9936170037075878,
    0.9922678987872653,
    0.9910753079121828
  ],