{
  "train_loss_epoch": [
    0.11095244640199187,
    0.05268238380430599,
    0.03867041159590655,
    0.03052310657359469,
    0.025482929398133805,
    0.021822535386561648,
    0.01915015711101638,
    0.017078464719421392,
    0.01571885299022478,
    0.013891555543450411,
    0.012778518552004051,
    0.01177759105884235,
    0.011042121726410866,
    0.010114209785773794,
    0.009553986578107557,
    0.009169230384697162,
    0.00857568112680297,
    0.00826600876170494,
    0.007731632820896135,
    0.007417602224750686,
    0.007046750681994456,
    0.006716510501589501,
    0.006423618747861536,
    0.006242638793070462,
    0.006001746601747103,
    0.0058069808210992075,
    0.005511893558431862,
    0.005373484539462898,
    0.00528580971172773,
    0.00506776493603437,
    0.004896748784347939,
    0.004720053237669559,
    0.0046526409907600794,
    0.004524934861971048,
    0.004432841465065116,
    0.0043323183472869205,
    0.004216105914893352,
    0.004136382482707647,
    0.004016148584648144,
    0.003940909863328141,
    0.0038874029136523355,
    0.0037934310694023986,
    0.0036597005476133176,
    0.0036173529493601746,
    0.003553741525818323,
    0.0035387527902239826,
    0.0034309293385872477,
    0.0033418588739840705,
    0.003333930594286051,
    0.0033464420730829475
  ],
  "train_eval_loss": [
    0.05460554689605767,
    0.033727941807244935,
    0.0237715069540358,
    0.021299310674092083,
    0.016459032209878453,
    0.013296667743598741,
    0.012455086905982344,
    0.011602679709317689,
    0.008045532588554786,
    0.006972248202221801,
    0.008209483048823778,
    0.0057556605785946515,
    0.005469567016704412,
    0.005256426359119157,
    0.0047546504615326845,
    0.005336518689340375,
    0.004942241826872406,
    0.004100401895306034,
    0.003393039698664028,
    0.0031016576548307784,
    0.002807824823727023,
    0.0026136202566606347,
    0.00235095883402497,
    0.0023540624783463986,
    0.002508604856516486,
    0.002489719677507581,
    0.0023562961237945565,
    0.0024330436971673947,
    0.002363741587051794,
    0.001840319283418407,
    0.0013873150278517067,
    0.0015972146400712083,
    0.001355325117631914,
    0.0017518561835513369,
    0.0012122502796507075,
    0.0010984654628989632,
    0.001126289328341179,
    0.0012041908023254053,
    0.001595125979972664,
    0.0015064929192117982,
    0.0012380415447657085,
    0.0010589982358021196,
    0.0010649333354356885,
    0.0011515566847400533,
    0.0008796868244017309,
    0.0008009946162167731,
    0.0007342410263715341,
    0.0007644947462446561,
    0.0009474516659578715,
    0.000910787513869468
  ],
  "train_token_acc": [
    0.9825637053322486,
    0.9894191817475958,
    0.9924937165686697,
    0.9931520071538705,
    0.9948145716476127,
    0.9958507824783083,
    0.996083036630016,
    0.9967162941491716,
    0.997515665824484,
    0.9978181179635016,
    0.9973909221037915,
    0.9982367235289688,
    0.9983208873320722,
    0.9983529296566102,
    0.9985116656459324,
    0.9982789371834997,
    0.9984379366787803,
    0.9986854741760736,
    0.998942497887868,
    0.9990244482409212,
    0.9991363855720369,
    0.9992006283246876,
    0.9992619198106045,
    0.9992519065841865,
    0.9992189156381985,
    0.9991985202770206,
    0.9992518538829949,
    0.9992137509214145,
    0.9992545416437701,
    0.9994316176477951,
    0.9995825011595579,
    0.9994838972299358,
    0.9995684826425727,
    0.9994253462059859,
    0.9996149123924375,
    0.9996481668443838,
    0.999681632101097,
    0.9996199717068383,
    0.9995197867414658,
    0.9995203664545742,
    0.9995947805372181,
    0.9996623434649442,
    0.999679365949855,
    0.9996310916582815,
    0.9997111974696261,
    0.9997508287657649,
    0.9997747024055933,
    0.9997763888437269,
    0.9997041355099417,
    0.9997057692468836
  ],
  "train_entity_precision": [
    0.6957957461929357,
    0.8071235483402871,
    0.8595902221163765,
    0.868168384324227,
    0.8997199766699487,
    0.9159532040192169,
    0.9194776793496348,
    0.9335823436054066,
    0.9473901688666789,
    0.9547544443542495,
    0.9426340822728316,
    0.9611226790052729,
    0.9624668273561707,
    0.9619048237124626,
    0.9646428669945464,
    0.9586565889349083,
    0.9620641480783583,
    0.9681806825887628,
    0.973812391034743,
    0.9757211605148197,
    0.9781832041588829,
    0.9798945038537854,
    0.9809400878123826,
    0.9808270621303373,
    0.9806155621405257,
    0.9796654608699064,
    0.981408230436518,
    0.9801813401655886,
    0.9806469544744824,
    0.9851054307966447,
    0.9890475571362036,
    0.9867414040020497,
    0.9886395059452484,
    0.9841706294714695,
    0.9894989118938311,
    0.9905365167196993,
    0.9913059813398281,
    0.9899018145151341,
    0.9865871759675819,
    0.9870970071951422,
    0.9893215118776987,
    0.9908535330841386,
    0.9906192821840472,
    0.9901657574900145,
    0.9917400844771576,
    0.9926740772503876,
    0.9939488000792517,
    0.9935227430291905,
    0.9912932619137035,
    0.9921738070450562
  ],
  "train_entity_recall": [
    0.829692537886562,
    0.8930056341571605,
    0.9200161543401548,
    0.9422664406824547,
    0.949804029316155,
    0.9586905715590924,
    0.9603523499930483,
    0.9668124308971617,
    0.9714915620055216,
    0.9733668557960315,
    0.9788371523341035,
    0.9802076229947764,
    0.9814605774514542,
    0.9812950616711797,
    0.983979727627232,
    0.9845805499096284,
    0.983648696066683,
    0.9878047973093754,
    0.9864409472799137,
    0.9896502982594361,
    0.9897529180432062,
    0.9906897373595599,
    0.9899300199280999,
    0.9916861423568123,
    0.9930466820706686,
    0.9919807604457009,
    0.9929738551273478,
    0.9928795111325914,
    0.9927603397707937,
    0.9946422541925147,
    0.9947034950312162,
    0.9944436352561853,
    0.9941572929563105,
    0.9940844660129897,
    0.9956651417146111,
    0.9949418377548116,
    0.9957065206596797,
    0.9960607244294671,
    0.99454294472435,
    0.9952480419483194,
    0.9947432188184822,
    0.996404997252438,
    0.9955890044556848,
    0.996236171156558,
    0.9964281694616764,
    0.996236171156558,
    0.996404997252438,
    0.9962196195785307,
    0.9961236204259714,
    0.9969230616446972
  ],
  "train_entity_f1": [
    0.7568678757278562,
    0.8478954229466358,
    0.8887773171891927,
    0.9037010580120802,
    0.924083879237602,
    0.9368347332139674,
    0.939470629095484,
    0.9499068584842529,
    0.9592895071887713,
    0.9639708160331507,
    0.9603945603419436,
    0.9705713403057015,
    0.9718709102188292,
    0.9715031998577659,
    0.9742153541097378,
    0.9714456487480015,
    0.972736699187085,
    0.9778942970202934,
    0.9800859906313133,
    0.9826363695377615,
    0.9839340512879579,
    0.9852625514403293,
    0.9854145505201911,
    0.9862267115378759,
    0.9867919733750656,
    0.985784648736491,
    0.9871571679621939,
    0.9864895643786935,
    0.9866664692669149,
    0.9898508721430613,
    0.9918674631683966,
    0.9905775476893147,
    0.9913907219183373,
    0.9891027066195663,
    0.9925724501674353,
    0.9927342900388182,
    0.9935013781702458,
    0.9929717194000841,
    0.9905490860654658,
    0.9911557668010348,
    0.9920249575993166,
    0.9936215110804478,
    0.9930979259106387,
    0.9931916887780022,
    0.9940785997357993,
    0.9944519343880937,
    0.995175383130124,
    0.9948693536443457,
    0.9937025711474067,
    0.9945427645809736
  ],