{
  "train_loss_epoch": [
    0.11701019821199618,
    0.0570809478713605,
    0.04308105480832191,
    0.03466358813461725,
    0.02969361145978454,
    0.025645560910031385,
    0.02252159882377015,
    0.020371910443783142,
    0.018551852221564826,
    0.016958690887005627,
    0.01554367666390614,
    0.015240875270273622,
    0.013051784092860055,
    0.013070537814046743,
    0.012362805489543126,
    0.01155181833384381,
    0.011027462327048545,
    0.010437122727674001,
    0.009880974984699687,
    0.009491670620822833,
    0.008983337573119862,
    0.008664699503965714,
    0.008405633283225725,
    0.007832885363086113,
    0.0078743270081762,
    0.007531630480794776,
    0.007370146326492872,
    0.006946398917955585,
    0.006892954755384288,
    0.006492871205835343,
    0.0063645124855663225,
    0.0061818806661314545,
    0.006016926437599086,
    0.005801379645087724,
    0.005558213255344401,
    0.005501878370231258,
    0.005263283721184784,
    0.0051450529787523056,
    0.005127155677123048,
    0.004929018810457804,
    0.004861494562069945,
    0.00465501234461395,
    0.004611720665326705,
    0.0045912306514033965,
    0.004321904162748047,
    0.004390056726916182,
    0.004296122996935227,
    0.00421300278293739,
    0.004183842311550816,
    0.004093017794970884
  ],
  "train_eval_loss": [
    0.05798358845761952,
    0.036771986862062365,
    0.030549530801126865,
    0.022044761036091938,
    0.02137250283224274,
    0.018021479474349778,
    0.014535997935947374,
    0.011716069342180002,
    0.011795830515288189,
    0.009759460467883936,
    0.012599238112877439,
    0.008605445009338014,
    0.008957520457272107,
    0.008136269107814254,
    0.006601213325915677,
    0.006290629193243955,
    0.006982661841668076,
    0.006550186864155584,
    0.0051130033987429185,
    0.005054522154463196,
    0.004692016980433436,
    0.003935465950455594,
    0.003306859843877983,
    0.003914014176819368,
    0.003983019395591607,
    0.003263877193538015,
    0.002698601572017303,
    0.0028443181122622453,
    0.0031704766684040007,
    0.004770583858446833,
    0.0028368100325585964,
    0.0032089738982188686,
    0.0028693073345268565,
    0.003251377688348047,
    0.0021437503303655607,
    0.0030658803264941334,
    0.0019930559022755708,
    0.0018809463003360961,
    0.0017477223305243225,
    0.002012149092490003,
    0.0017086827781767379,
    0.0017254769487902496,
    0.001583933027015347,
    0.0013374678024459245,
    0.0016573554462175322,
    0.0014319670334542105,
    0.0014078768741629941,
    0.0012849468029136673,
    0.0021517452742540522,
    0.001550950857567595
  ],
  "train_token_acc": [
    0.9814959264877402,
    0.9883193078773578,
    0.9905216379762257,
    0.9930953006716292,
    0.9936338541493467,
    0.9944908282271588,
    0.9954755499935889,
    0.9963641974875972,
    0.9966036190013725,
    0.9970727650096551,
    0.9973731618021974,
    0.9974588539398594,
    0.9975195130114762,
    0.9978246002100775,
    0.9980364062994156,
    0.9980224931848136,
    0.9980505302187842,
    0.998494748563405,
    0.9986595451897698,
    0.9986292420045573,
    0.9987939332285388,
    0.9989167270051393,
    0.9989779657898646,
    0.9990510096415249,
    0.9989314306376165,
    0.9991616821440404,
    0.9992139617261812,
    0.9992245546657077,
    0.999141550288821,
    0.9988382549307366,
    0.9992417352541934,
    0.9992818408610573,
    0.9993722234047784,
    0.9994792068238768,
    0.9995007089100798,
    0.9993847135872052,
    0.999544503600361,
    0.999547402165903,
    0.999542711759844,
    0.9995438184848692,
    0.9995996817480437,
    0.9996156502091209,
    0.999606427500578,
    0.9996660325483614,
    0.9995933049038511,
    0.9996244513081305,
    0.9997136217244431,
    0.9997192080507605,
    0.9995672705151641,
    0.9997040828087501
  ],
  "train_entity_precision": [
    0.6815222639167742,
    0.7833590940165859,
    0.8285926194417751,
    0.8709100051856624,
    0.8790479833264381,
    0.8901478859219073,
    0.9084782739100647,
    0.9267119153180935,
    0.9297129909848298,
    0.9398831020029297,
    0.9464969682805542,
    0.9448299378814052,
    0.9455990602598728,
    0.9516667609024014,
    0.9559658264428081,
    0.9552452224827758,
    0.9561186440951204,
    0.9662293176345708,
    0.9694871183439877,
    0.96822446321151,
    0.9722360134834984,
    0.9751974824364595,
    0.9754870811396237,
    0.9771992351766405,
    0.9746465274142068,
    0.9793137235625291,
    0.9805421147980828,
    0.9806184526228842,
    0.9785681602771513,
    0.9721986810446438,
    0.9811096677811068,
    0.9816073675238006,
    0.983868559361109,
    0.9865272934621088,
    0.9872047713586891,
    0.9839740907905163,
    0.9882221114308704,
    0.9886141132956658,
    0.9878998401214617,
    0.9879125269427999,
    0.9892146145183702,
    0.9898035588804979,
    0.9905928374401445,
    0.9911581985591504,
    0.9894744803004097,
    0.9902523813521241,
    0.99240957616973,
    0.9925484400873472,
    0.9883600578300585,
    0.992015096329746
  ],
  "train_entity_recall": [
    0.8107343604139219,
    0.8724187814066193,
    0.9005183954238197,
    0.9173232125950889,
    0.9319548075713538,
    0.9472484656687169,
    0.9525449706375005,
    0.957967267599293,
    0.9630469468959171,
    0.9653476162417325,
    0.9652648583515953,
    0.9722628655416007,
    0.9753033904252432,
    0.9750468409658177,
    0.9789910820097588,
    0.979671351866687,
    0.9816558860721781,
    0.9823162940354734,
    0.9824751891845368,
    0.9854279907046338,
    0.9853220606052581,
    0.9863267413915243,
    0.9883956886449554,
    0.9888624431453295,
    0.989099130711122,
    0.9892596810179882,
    0.9908089087213575,
    0.9903504300099971,
    0.991149871228723,
    0.9911382851241037,
    0.9913385592182359,
    0.9930632336486961,
    0.9924326185258503,
    0.9922439305363373,
    0.9933959203670478,
    0.9926726164072482,
    0.9940728799083705,
    0.9936392285640513,
    0.9951189396397052,
    0.9945528756711665,
    0.9944932899902676,
    0.995522798143575,
    0.995029561118357,
    0.9958025198122389,
    0.9961302410571824,
    0.9957611408671703,
    0.9961054136901413,
    0.9960706553762836,
    0.9957346583423263,
    0.9962808604172322
  ],
  "train_entity_f1": [
    0.7405341785528815,
    0.8254938012516523,
    0.8630595603229406,
    0.8935142864973538,
    0.9047285827106298,
    0.9178109213375031,
    0.9299899002141155,
    0.9420804234647248,
    0.9460864418547552,
    0.9524451851168396,
    0.9557887905179281,
    0.9583501239103799,
    0.9602215553688801,
    0.9632149458749971,
    0.9673414583088014,
    0.9673041110710716,
    0.9687189919647589,
    0.974206399688773,
    0.9759379434052537,
    0.9767504813059695,
    0.9787352976959677,
    0.9807305394247551,
    0.9818989607338086,
    0.9829962445138228,
    0.9818196455607191,
    0.9842615769712141,
    0.9856487770340916,
    0.9854604147108716,
    0.9848188324759561,
    0.9815771313172375,
    0.9861975905677636,
    0.9873020705202834,
    0.9881320332926006,
    0.9893773543646258,
    0.9902906694232397,
    0.9883042140258799,
    0.9911388613614254,
    0.9911203014656415,
    0.9914962494609398,
    0.9912215802475245,
    0.9918469289383675,
    0.9926549406478604,
    0.9928062425168243,
    0.9934749313682995,
    0.9927912056007548,
    0.9929991210731987,
    0.9942540604034054,
    0.9943064284817363,
    0.9920336529106603,
    0.9941434024090336
  ],