{
  "train_loss_epoch": [
    0.10633743484008999,
    0.051156684158543235,
    0.03788908266054697,
    0.030349505959667598,
    0.025025857447348986,
    0.021270644543254596,
    0.018388916996197168,
    0.016173790094490857,
    0.014458743364433969,
    0.013057399076004604,
    0.01178660180889555,
    0.010903897638930342,
    0.010122670779185543,
    0.009243965904487778,
    0.008653055679586142,
    0.008015662490803079,
    0.007609404966309392,
    0.007160933938479152,
    0.00674341383422289,
    0.006443787130371918,
    0.0061188017477604596,
    0.005797511655598362,
    0.005580642283620046,
    0.005331062047826206,
    0.005123150407468533,
    0.00498689195832729,
    0.004769779568264513,
    0.004598776434806664,
    0.004421202097303708,
    0.004230204908756856,
    0.004172724589789366,
    0.004033259281007903,
    0.0038998908071062248,
    0.003785098910482998,
    0.003669502924775851,
    0.0036419996331697,
    0.003539510459774182,
    0.0034748050395766415,
    0.003353401792950876,
    0.0033226540091167694,
    0.0032283086724729723,
    0.003164307910550615,
    0.00310819631995618,
    0.0030451432292806116,
    0.0029971957009010098,
    0.002927425837260256,
    0.0029188446711281447,
    0.0028497227205635744,
    0.002829221375565472,
    0.002781390811722564
  ],
  "train_eval_loss": [
    0.05078185301964294,
    0.03202594889413127,
    0.02498802705467113,
    0.019791877694423563,
    0.015557222905418373,
    0.013495810329112514,
    0.010161087818061349,
    0.009373750302001771,
    0.007967095409539257,
    0.007104290864743761,
    0.006133528421210861,
    0.004914831246439182,
    0.004904717941304434,
    0.004486195355495747,
    0.004141132782343278,
    0.004015374591333704,
    0.0030216110858558485,
    0.0027481158854004927,
    0.003024963953074208,
    0.002908799654216523,
    0.00264719891101735,
    0.002561558751002691,
    0.00196261766013096,
    0.0018712016231742443,
    0.0014358741064688647,
    0.0018354228949520584,
    0.0013623888750124728,
    0.0016206171951849626,
    0.0013205416077627671,
    0.0013949130171177163,
    0.0010308761974359062,
    0.0010568829137808707,
    0.001191906187977628,
    0.0010269487815056733,
    0.001206457018938014,
    0.0008371733662243765,
    0.0010236993335143376,
    0.0008556773086299029,
    0.0007144606708412279,
    0.0011378576578632673,
    0.0009124474458421544,
    0.00108166270897557,
    0.0006866782072465725,
    0.000635338568676335,
    0.00081849705819206,
    0.0007551375306867084,
    0.000651194963247366,
    0.0009351179674957522,
    0.0005149644900310717,
    0.0006880787415379689
  ],
  "train_token_acc": [
    0.9835995472546025,
    0.9899395533141856,
    0.9919983253669333,
    0.9936777542420111,
    0.9951386312752165,
    0.9956676458372409,
    0.9968115252025267,
    0.9970360322790582,
    0.9975196184138596,
    0.9977493956095586,
    0.9980749308705293,
    0.9984828907952784,
    0.9984434703039061,
    0.9985848676011677,
    0.998721627193562,
    0.9986921145262244,
    0.9990824722529543,
    0.9991635793869408,
    0.999022550998021,
    0.999077834548087,
    0.9991430259221878,
    0.9991604173154403,
    0.9993676384011028,
    0.9993990483113405,
    0.9995461373373029,
    0.9994457942683554,
    0.9995829754702831,
    0.999492276719412,
    0.999575702705832,
    0.9995557289541875,
    0.999670617552037,
    0.999686638714306,
    0.9996144907829041,
    0.999684056355914,
    0.999608851755395,
    0.9997412371488803,
    0.9996779430176798,
    0.9997225809270277,
    0.9997683255614007,
    0.9996391549406076,
    0.9997160459792601,
    0.9996519613301844,
    0.9997774428675604,
    0.9998143337017322,
    0.9997385493881049,
    0.9997527260086653,
    0.9997936221334043,
    0.9996998667134162,
    0.9998361519950852,
    0.9997989449537634
  ],
  "train_entity_precision": [
    0.7128912823964995,
    0.8171144088787419,
    0.8525210598866595,
    0.8803395098551133,
    0.9090813821662321,
    0.9147315373647253,
    0.9379998839914669,
    0.9422600544397378,
    0.949067973957526,
    0.9548752049730422,
    0.9593560138897691,
    0.9676440122470452,
    0.9668116277477677,
    0.9690363199911407,
    0.9712590497663841,
    0.9710996110595779,
    0.9789012184472621,
    0.9810207619272742,
    0.9771094397213067,
    0.9783932349488402,
    0.979726609704897,
    0.980679674605046,
    0.9846188199443072,
    0.9859633149650685,
    0.9886425210441107,
    0.9868364161251025,
    0.9894617773006914,
    0.9872659791105564,
    0.988998644772506,
    0.9887968040699406,
    0.9915242501079871,
    0.9915673031215338,
    0.9902087536542183,
    0.9921285672838529,
    0.9901799438477767,
    0.9932015883306856,
    0.9918677353718913,
    0.9927241625371002,
    0.9939796704574889,
    0.9912994662794641,
    0.9922523027237226,
    0.9910159882166103,
    0.994104096605029,
    0.9952178322821925,
    0.9929638967159359,
    0.9933598018323585,
    0.9944271157558234,
    0.9922597967352452,
    0.9955550198389438,
    0.9943260117209612
  ],
  "train_entity_recall": [
    0.8343385658388671,
    0.879097343140695,
    0.9212790397436491,
    0.9404143191011831,
    0.9476341174367564,
    0.9577752692941746,
    0.9635732870771899,
    0.9683020729196321,
    0.972825619194534,
    0.9773210277867892,
    0.977211787371808,
    0.9802870705693081,
    0.9817353336467098,
    0.9848668922095033,
    0.9867819097872791,
    0.9876839707897751,
    0.9889385804042558,
    0.9891719576544428,
    0.989767814463431,
    0.9904447740047536,
    0.9903156716961395,
    0.9912822838529426,
    0.9925782724124919,
    0.9929887515475725,
    0.9935597809895196,
    0.9935283329912674,
    0.9932072323775348,
    0.9950245956449488,
    0.9952910760511907,
    0.9946902537687943,
    0.9954334196222268,
    0.9943310845255987,
    0.9951305257443245,
    0.9961550684242235,
    0.995853829704124,
    0.9964877551425753,
    0.9964529968287177,
    0.9970471984799031,
    0.9971729904729116,
    0.996651615765047,
    0.996716166919354,
    0.9966963050257212,
    0.9971349218434485,
    0.9971978178399529,
    0.997398091934085,
    0.9976132624484418,
    0.9967956144938859,
    0.9970521639533113,
    0.9979525697980045,
    0.9972077487867693
  ],
  "train_entity_f1": [
    0.7688485208995859,
    0.8469733864679064,
    0.885567413799687,
    0.9093858462050637,
    0.9279574963977937,
    0.9357586753925939,
    0.9506146229311178,
    0.955103580122151,
    0.9607999555362298,
    0.9659677427270631,
    0.9682015826643238,
    0.9739245114854165,
    0.9742163311898954,
    0.9768874762562242,
    0.9789589490968802,
    0.9793215838353866,
    0.9838943006358791,
    0.9850794979907102,
    0.9833978938816992,
    0.9843821198796499,
    0.9849926823687066,
    0.9859524758082308,
    0.9885825252961521,
    0.9894635628281555,
    0.9910950518801765,
    0.9901710681179537,
    0.9913309670741952,
    0.9911301038997866,
    0.9921348833679264,
    0.9917347734426892,
    0.9934749893865333,
    0.9929472706416711,
    0.99266353901896,
    0.9941377407920078,
    0.9930087819337419,
    0.9948419580234694,
    0.9941550790703282,
    0.9948809843308078,
    0.9955737698145477,
    0.9939683362413194,
    0.9944792256713528,
    0.993848030255643,
    0.9956172026448827,
    0.9962068412445662,
    0.9951760550005697,
    0.9954819886517069,
    0.9956099564963303,
    0.994650207799799,
    0.9967523530768334,
    0.9957647953259867
  ],